run_id,block,order_idx,started_at,page_id,site,render_type,pagination,method,rep,n_found,tp,fp,fn,recall,precision,f1,field_accuracy,n_fuzzy,success,status_code,error_type,error_msg,antibot_hits,t_ms,throughput,traffic_mb,body_mb,ram_peak_mb,ram_baseline_mb,cpu_s,n_requests,n_xhr,html_size,fallback,m1_found,browser_launch_ms,monitor_samples
coolblue_laptops__M1__r2,pilot,1,2026-10-07T23:24:24,coolblue_laptops,coolblue.nl,spa,classic,M1,2,2,,,,,,,,,,200,,,0,1040.06,,0.2024,1.7559,91.26,75.49,0.3281,1,0,1755865,,,,10
xkom_laptops__M1__r3,pilot,2,2026-10-07T23:24:25,xkom_laptops,x-kom.pl,ssr,classic,M1,3,30,,,,,,,,,,200,,,0,1078.6,,0.189,2.3128,111.66,89.67,0.375,1,0,2312752,,,,10
eldorado_laptops__M3__r2,pilot,3,2026-10-07T23:24:26,eldorado_laptops,eldorado.ua,ssr,unknown,M3,2,15,,,,,,,,,,200,,,0,3605.46,,3.1951,0.9162,610.09,104.27,3.7656,235,94,0,,,151.57,34
verkkokauppa_laptops__M1__r3,pilot,4,2026-10-07T23:24:30,verkkokauppa_laptops,verkkokauppa.com,spa,load_more,M1,3,0,,,,,,,,,,200,empty,,0,537.25,,0.1603,1.0893,108.47,105.7,0.2656,1,0,1089342,,,,5
coolblue_laptops__M3__r2,pilot,5,2026-10-07T23:24:30,coolblue_laptops,coolblue.nl,spa,classic,M3,2,22,,,,,,,,,,200,,,0,9142.41,,2.439,1.8085,624.81,108.48,3.6562,104,3,0,,,54.18,85
eldorado_laptops__M1__r1,pilot,6,2026-10-07T23:24:39,eldorado_laptops,eldorado.ua,ssr,unknown,M1,1,15,,,,,,,,,,200,,,0,722.31,,0.1454,0.9017,120.11,117.54,0.25,1,0,901734,,,,7
foxtrot_laptops__M3__r3,pilot,7,2026-10-07T23:24:40,foxtrot_laptops,foxtrot.com.ua,ssr,classic,M3,3,42,,,,,,,,,,200,,,0,3028.28,,1.8681,0.741,560.11,120.15,2.5469,177,14,0,,,54.49,28
xkom_laptops__M1__r1,pilot,8,2026-10-07T23:24:43,xkom_laptops,x-kom.pl,ssr,classic,M1,1,30,,,,,,,,,,200,,,0,878.49,,0.1894,2.3007,127.27,110.77,0.4375,1,0,2300715,,,,9
eldorado_laptops__M3__r3,pilot,9,2026-10-07T23:24:44,eldorado_laptops,eldorado.ua,ssr,unknown,M3,3,15,,,,,,,,,,200,,,0,3489.25,,3.1945,0.9159,623.18,120.44,3.8906,234,93,0,,,54.24,32
xkom_laptops__M3__r1,pilot,10,2026-10-07T23:24:48,xkom_laptops,x-kom.pl,ssr,classic,M3,1,30,,,,,,,,,,200,,,0,2815.15,,2.7036,2.1371,721.12,117.86,3.8438,128,7,0,,,53.57,26
eldorado_laptops__M3__r1,pilot,11,2026-10-07T23:24:50,eldorado_laptops,eldorado.ua,ssr,unknown,M3,1,15,,,,,,,,,,200,,,0,3562.11,,3.195,0.916,639.85,131.22,3.5,235,94,0,,,53.79,33
verkkokauppa_laptops__M1__r2,pilot,12,2026-10-07T23:24:54,verkkokauppa_laptops,verkkokauppa.com,spa,load_more,M1,2,0,,,,,,,,,,200,empty,,0,744.72,,0.1595,1.0858,138.18,135.21,0.25,1,0,1085813,,,,7
verkkokauppa_laptops__M3__r3,pilot,13,2026-10-07T23:24:55,verkkokauppa_laptops,verkkokauppa.com,spa,load_more,M3,3,48,,,,,,,,,,200,,,0,3263.27,,2.0415,1.426,702.89,138.19,3.375,107,18,0,,,60.19,30
coolblue_laptops__M3__r1,pilot,14,2026-10-07T23:25:00,coolblue_laptops,coolblue.nl,spa,classic,M3,1,22,,,,,,,,,,200,,,0,9035.05,,2.4391,1.8083,618.0,120.33,3.6406,104,3,0,,,54.46,83
xkom_laptops__M3__r2,pilot,15,2026-10-07T23:25:09,xkom_laptops,x-kom.pl,ssr,classic,M3,2,30,,,,,,,,,,200,,,0,2919.32,,2.732,2.1344,703.93,126.52,4.1094,126,7,0,,,53.79,27
verkkokauppa_laptops__M3__r1,pilot,16,2026-10-07T23:25:12,verkkokauppa_laptops,verkkokauppa.com,spa,load_more,M3,1,48,,,,,,,,,,200,,,0,3399.06,,2.0462,1.5979,783.93,138.52,4.4531,107,19,0,,,59.09,32
foxtrot_laptops__M1__r2,pilot,17,2026-10-07T23:25:15,foxtrot_laptops,foxtrot.com.ua,ssr,classic,M1,2,42,,,,,,,,,,200,,,0,512.1,,0.1128,0.8688,127.13,121.6,0.3438,1,0,868817,,,,5
xkom_laptops__M1__r2,pilot,18,2026-10-07T23:25:16,xkom_laptops,x-kom.pl,ssr,classic,M1,2,30,,,,,,,,,,200,,,0,959.47,,0.1896,2.3132,136.99,120.43,0.4844,1,0,2313174,,,,9
coolblue_laptops__M1__r1,pilot,19,2026-10-07T23:25:17,coolblue_laptops,coolblue.nl,spa,classic,M1,1,2,,,,,,,,,,200,,,0,880.96,,0.2016,1.7557,124.11,121.03,0.3906,1,0,1755700,,,,9
foxtrot_laptops__M1__r3,pilot,20,2026-10-07T23:25:18,foxtrot_laptops,foxtrot.com.ua,ssr,classic,M1,3,42,,,,,,,,,,200,,,0,513.93,,0.1129,0.8688,128.64,124.08,0.3281,1,0,868817,,,,5
xkom_laptops__M3__r3,pilot,21,2026-10-07T23:25:19,xkom_laptops,x-kom.pl,ssr,classic,M3,3,30,,,,,,,,,,200,,,0,2758.49,,2.6915,2.1369,695.89,123.63,4.3594,127,7,0,,,54.19,25
verkkokauppa_laptops__M3__r2,pilot,22,2026-10-07T23:25:22,verkkokauppa_laptops,verkkokauppa.com,spa,load_more,M3,2,48,,,,,,,,,,200,,,0,3330.05,,2.0447,1.5979,761.45,127.68,4.8594,107,20,0,,,53.29,31
foxtrot_laptops__M3__r2,pilot,23,2026-10-07T23:25:25,foxtrot_laptops,foxtrot.com.ua,ssr,classic,M3,2,42,,,,,,,,,,200,,,0,2918.76,,1.8681,0.741,556.89,133.31,2.3906,177,14,0,,,53.95,27
verkkokauppa_laptops__M1__r1,pilot,24,2026-10-07T23:25:28,verkkokauppa_laptops,verkkokauppa.com,spa,load_more,M1,1,0,,,,,,,,,,200,empty,,0,574.7,,0.1601,1.0893,125.17,120.01,0.3125,1,0,1089335,,,,6
eldorado_laptops__M1__r2,pilot,25,2026-10-07T23:25:29,eldorado_laptops,eldorado.ua,ssr,unknown,M1,2,15,,,,,,,,,,200,,,0,741.09,,0.1454,0.9017,122.56,122.43,0.2344,1,0,901728,,,,7
eldorado_laptops__M1__r3,pilot,26,2026-10-07T23:25:29,eldorado_laptops,eldorado.ua,ssr,unknown,M1,3,15,,,,,,,,,,200,,,0,754.42,,0.1454,0.9017,123.18,121.54,0.3438,1,0,901734,,,,7
coolblue_laptops__M3__r3,pilot,27,2026-10-07T23:25:32,coolblue_laptops,coolblue.nl,spa,classic,M3,3,22,,,,,,,,,,200,,,0,8998.52,,2.4396,1.8086,665.14,123.2,3.5938,104,3,0,,,62.17,83
foxtrot_laptops__M1__r1,pilot,28,2026-10-07T23:25:41,foxtrot_laptops,foxtrot.com.ua,ssr,classic,M1,1,42,,,,,,,,,,200,,,0,741.56,,0.1843,2.1039,140.36,132.31,0.5625,1,0,2103860,,,,7
foxtrot_laptops__M3__r1,pilot,29,2026-10-07T23:25:42,foxtrot_laptops,foxtrot.com.ua,ssr,classic,M3,1,42,,,,,,,,,,200,,,0,2979.15,,1.8682,0.741,540.37,118.22,2.7031,177,14,0,,,54.64,28
coolblue_laptops__M1__r3,pilot,30,2026-10-07T23:25:47,coolblue_laptops,coolblue.nl,spa,classic,M1,3,2,,,,,,,,,,200,,,0,1029.62,,0.2015,1.7557,129.28,120.08,0.3594,1,0,1755700,,,,10
